object,action,provider,event_id,channel,tier,builds,already_mapped,verify,pass,message,fields
authentication,error,LsaSrv,6040,System,log,W11+W2022,False,ok,sweep,An authentication request for package {Package} was rejected because the target information was invalid.,Package;TargetName
authentication,error,LsaSrv,40960,System,log,W11+W2022,False,ok,sweep,The Security System detected an authentication error for the server {Target}. The failure code from authentication protocol {Protocol} was {Error}.,Error;Protocol;Target
authentication,error,LsaSrv,40970,System,log,W2022,False,ok,sweep,The Security System detected a downgrade attempt when contacting the 3-part SPN {Target} with error code {Error}. Authentication was denied.,Error;Target
authentication,error,LsaSrv,45057,System,log,W11+W2022,False,ok,sweep,A failed logon attempt caused the logon cache entry for user {Username} to be deleted. Authentication package {Package}; error message {Error}.,Error;Package;Username
authentication,failure,LsaSrv,6040,System,log,W11+W2022,False,ok,sweep,An authentication request for package {Package} was rejected because the target information was invalid.,Package;TargetName
authentication,failure,LsaSrv,6041,System,log,W11+W2022,False,ok,sweep,A CredSSP authentication to {TargetName} failed to negotiate a common protocol version. The remote host offered version {TargetVersion}.,TargetName;TargetVersion
authentication,failure,LsaSrv,40960,System,log,W11+W2022,False,ok,sweep,The Security System detected an authentication error for the server {Target}. The failure code from authentication protocol {Protocol} was {Error}.,Error;Protocol;Target
authentication,failure,LsaSrv,45057,System,log,W11+W2022,False,ok,sweep,A failed logon attempt caused the logon cache entry for user {Username} to be deleted. Authentication package {Package}; error message {Error}.,Error;Package;Username
authentication,failure,Microsoft-Windows-AAD,1085,Microsoft-Windows-AAD/Operational,log,W11+W2022,False,ok,sweep,Logon failure. Status: {Status} Correlation ID: {CorrelationID},CorrelationID;Status
authentication,failure,Microsoft-Windows-AAD,1118,Microsoft-Windows-AAD/Operational,log,W11+W2022,False,ok,sweep,Enterprise STS Logon failure. Status: {Status} Correlation ID: {CorrelationID},CorrelationID;Status
authentication,failure,Microsoft-Windows-AAD,1155,Microsoft-Windows-AAD/Operational,log,W11+W2022,False,ok,sweep,Logon with session key failure. Retrying with device auth. Status: {Status} Correlation ID: {CorrelationID},CorrelationID;Status
authentication,failure,Microsoft-Windows-AAD,1159,Microsoft-Windows-AAD/Operational,log,W11+W2022,False,ok,sweep,AadCloudAPPlugin S4U logon failed. Status: {Status},Status
driver,load,Microsoft-Windows-CodeIntegrity,3080,Microsoft-Windows-CodeIntegrity/Operational,log,W11+W2022,False,ok,sweep,"Code Integrity: process ({Process Name}) attempted to load {File Name} that violated Driver policy; audit mode, image allowed.",
driver,load,Microsoft-Windows-CodeIntegrity,3081,Microsoft-Windows-CodeIntegrity/Operational,log,W11+W2022,False,ok,sweep,Code Integrity determined that a process ({Process Name}) attempted to load {File Name} that violated Driver policy.,
driver,load,Microsoft-Windows-DriverFrameworks-UserMode,2006,Operational,log,W11+W2022,False,ok,sweep,The UMDF Host successfully loaded the driver at level {Level}.,Level
driver,load,Microsoft-Windows-DriverFrameworks-UserMode,2007,Operational,log,W11+W2022,False,ok,sweep,The UMDF Host failed to load the driver at level {Level}. The error reported was {FinalStatus}.,FinalStatus;Level
driver,load,Microsoft-Windows-DriverFrameworks-UserMode,10117,System,log,W11+W2022,False,ok,sweep,UMDF driver service {ServiceName} failed to load because it was compiled using a pre-release version of the Windows Driver Kit (WDK).,ActualFuntionTableCount;ExpectedFuntionTableCount;ServiceName
driver,load,Microsoft-Windows-Kernel-Dump,6,Microsoft-Windows-Kernel-Dump/Operational,log,W11,False,ok,sweep,Crash dump load driver failed. NT status: {NTStatus}.,NTStatus
driver,load,Microsoft-Windows-Kernel-PnP,219,System,log,W11+W2022,False,ok,sweep,The driver {FailureName} failed to load. Device: {DriverName} Status: {Status},DriverName;FailureName;Status
driver,load,Microsoft-Windows-NDIS-PacketCapture,1012,Microsoft-Windows-NDIS-PacketCapture/Diagnostic,log,W11+W2022,False,ok,sweep,Driver Loaded (FriendlyName={FriendlyName} UniqueName={UniqueName} ServiceName={ServiceName}),FriendlyName;ServiceName;UniqueName
driver,unload,Microsoft-Windows-Kernel-PnP,1080,Device Management,log,W11,False,ok,sweep,The driver {FailureName} failed to unload. Driver Version: {Version} Status: {Status},FailureName;Status;Version
driver,unload,Microsoft-Windows-KeyboardFilter,10010,Microsoft-Windows-KeyboardFilter/Admin,log,W11,False,ok,sweep,Keyboard Filter Driver could not start and has unloaded. Reason: {ErrorCode} ({Reason}).,ErrorCode;Reason
driver,unload,Microsoft-Windows-NDIS-PacketCapture,1013,Microsoft-Windows-NDIS-PacketCapture/Diagnostic,log,W11+W2022,False,ok,sweep,Driver Unloaded (FriendlyName={FriendlyName} UniqueName={UniqueName} ServiceName={ServiceName}),FriendlyName;ServiceName;UniqueName
driver,unload,Microsoft-Windows-SENSE,104,Microsoft-Windows-SENSE/Operational,log,W11+W2022,False,ok,sweep,Failed to queue asynchronous driver unload. Failure code: {HRESULT},HRESULT
driver,unload,Microsoft-Windows-SENSE,105,Microsoft-Windows-SENSE/Operational,log,W11+W2022,False,ok,sweep,Failed to wait for driver unload.,
driver,unload,Microsoft-Windows-StorPort,580,Microsoft-Windows-Storage-Storport/Operational,log,W11,False,ok,sweep,Storport extension driver unload was attempted. Status: {NtStatus},NtStatus
file,access,Microsoft-Windows-Deduplication,4108,Microsoft-Windows-Deduplication/Operational,log,W11,False,ok,sweep,Data Deduplication was unable to access the following file or volume: '{Param1}'. This file or volume might be locked by another application.,Context;Param1
file,access,Microsoft-Windows-Deduplication,4112,Microsoft-Windows-Deduplication/Operational,log,W11,False,ok,sweep,Data Deduplication was unable to access a file or volume. Details:{Param1} The volume may be inaccessible for I/O or marked read-only.,Context;Param1
file,access,Microsoft-Windows-Deduplication,4159,Microsoft-Windows-Deduplication/Operational,log,W11,False,ok,sweep,Data Deduplication is unable to access file {Param1} because the file is in use.{Context},Context;Param1
file,access,Microsoft-Windows-Deduplication,8197,Microsoft-Windows-Deduplication/Diagnostic,log,W11,False,ok,sweep,Data Deduplication was unable to access a file or volume. Details:{Param1} The volume may be inaccessible for I/O or marked read-only.,Context;Param1
file,access,Microsoft-Windows-Deduplication,8217,Microsoft-Windows-Deduplication/Diagnostic,log,W11,False,ok,sweep,Data Deduplication is unable to access file {Param1} because the file is in use.{Context},Context;Param1
file,access,Microsoft-Windows-FileHistory-Engine,101,File History backup log,log,W11,False,ok,sweep,File/directory was not backed up due to being encrypted or insufficient permissions:{Path},Path
file,create,Microsoft-Windows-AppXDeployment-Server,842,Microsoft-Windows-AppXDeploymentServer/Operational,log,W11+W2022,False,ok,sweep,Failed to create the Merged Pri file for package:{String} with error {ErrorCode}.,ErrorCode;String
file,create,Microsoft-Windows-AppXDeployment-Server,853,Microsoft-Windows-AppXDeploymentServer/Operational,log,W11+W2022,False,ok,sweep,Error {ErrorCode} in package folding: cannot create hardlinking file in main package folder for file {String1}.,ErrorCode;String1;String2;String3
file,create,Microsoft-Windows-BitLocker-Driver,24696,System,log,W11,False,ok,sweep,Successfully created metadata file. Volume: {Volume}; Offset: {Offset}; Read Length: {Length}; Copy: {Copy}.,Copy;Length;Offset;SlabSize;TotalCopies;Volume
file,create,Microsoft-Windows-Deduplication,8232,Microsoft-Windows-Deduplication/Diagnostic,log,W11,False,ok,sweep,Data Deduplication created emergency file {Param1}.{Context},Context;Param1
file,create,Microsoft-Windows-Deduplication,8233,Microsoft-Windows-Deduplication/Diagnostic,log,W11,False,ok,sweep,Data Deduplication failed to create emergency file {Param1} with error {Param2}.{Context},Context;Param1;Param2
file,delete,Microsoft-User Experience Virtualization-App Agent,4064,Operational,log,W2022,False,ok,sweep,Failed to delete a setting file from the settings storage. Settings location template ID: [{WString1}] File name: [{WString2}],HRESULT1;WString1;WString2
file,delete,Microsoft-User Experience Virtualization-App Agent,4065,Operational,log,W2022,False,ok,sweep,An error occurred while attempting to delete a setting file from the settings storage. Message: [{String1}],Int1;String1
file,delete,Microsoft-Windows-AppXDeployment-Server,5071,Microsoft-Windows-AppXDeploymentServer/Operational,log,W11+W2022,False,ok,sweep,Removing a tile failed because file '{ErrorContext1}' could not be deleted for app {ErrorContext2}.,ErrorContext1;ErrorContext2
file,delete,Microsoft-Windows-AppXDeployment-Server,7005,Microsoft-Windows-AppXDeploymentServer/Operational,log,W11+W2022,False,ok,sweep,Error {ErrorCode}: Failed to enqueue a request for deferred file deletion for {PackageFullName} package ({FileName}).,ErrorCode;ErrorText;FileName;PackageFullName
file,delete,Microsoft-Windows-AppXDeployment-Server,9407,Microsoft-Windows-AppXDeploymentServer/Operational,log,W11+W2022,False,ok,sweep,Failed to delete the Desktop AppX registry file. Error code: {ErrorCode}; path: {Path},ErrorCode;Path
file,delete,Microsoft-Windows-AppXDeployment-Server,12501,Microsoft-Windows-AppXDeploymentServer/Operational,log,W11,False,ok,sweep,Untrusted reparse point delete successful for file {String1} in package {String2}.,String1;String2
file,delete,Microsoft-Windows-AppXDeployment-Server,12502,Microsoft-Windows-AppXDeploymentServer/Operational,log,W11,False,ok,sweep,Untrusted reparse point delete failed; error:{ErrorCode} for file {String1} in package {String2}.,ErrorCode;String1;String2
file,metadata,Microsoft-Windows-UAC-FileVirtualization,2007,Microsoft-Windows-UAC-FileVirtualization/Operational,log,W11+W2022,False,ok,sweep,Failed to query virtual store file information.,
file,metadata,Microsoft-Windows-UAC-FileVirtualization,2018,Microsoft-Windows-UAC-FileVirtualization/Operational,log,W11+W2022,False,ok,sweep,Failed to query information for the file object.,
file,modify,Microsoft-Windows-AppXDeployment-Server,8102,Microsoft-Windows-AppXDeploymentServer/Operational,log,W11+W2022,False,ok,sweep,Modified file {ModifiedFile} found in package {PackageFullName}.,ModifiedFile;PackageFullName
file,modify,Microsoft-Windows-AppXDeployment-Server,8108,Microsoft-Windows-AppXDeploymentServer/Operational,log,W11+W2022,False,ok,sweep,Modified file {ModifiedFile} found in package {PackageFullName}.,ModifiedFile;PackageFullName
file,read,Microsoft-User Experience Virtualization-App Agent,9021,Operational,log,W2022,False,ok,sweep,Failed to read OS settings mapping file: {stringValue1}.,stringValue1
file,read,Microsoft-Windows-CertificateServicesClient-CredentialRoaming,1006,Application,log,W11+W2022,False,ok,sweep,Certificate Services Client: Credential Roaming failed to read the State File. Error code {ErrorCode} ({ErrorMsg}),ErrorCode;ErrorMsg
file,read,Microsoft-Windows-DNS-Client,1011,Microsoft-Windows-DNS Client Events/Operational,log,W11+W2022,False,ok,sweep,There was an error while attempting to read the local hosts file.,
file,read,Microsoft-Windows-DNS-Client,1012,System,log,W11+W2022,False,ok,sweep,There was an error while attempting to read the local hosts file.,
file,read,Microsoft-Windows-Deduplication,4180,Microsoft-Windows-Deduplication/Operational,log,W11,False,ok,sweep,Data Deduplication failed to read chunk container redirection table from file {Param1} with error {Param2}.{Context},Context;Param1;Param2
file,write,Microsoft-Windows-AppLocker,8031,Microsoft-Windows-AppLocker/EXE and DLL,log,W11+W2022,False,ok,sweep,SmartlockerFilter detected file {FileName} being written by process {CurrentProcess}.,CurrentProcess;FileName
file,write,Microsoft-Windows-AppXDeployment-Server,500,Microsoft-Windows-AppXDeploymentServer/Operational,log,W11+W2022,False,ok,sweep,Framework package {PackageMoniker} download failed; file write size is {Writesize}; actual file size is {Filesize},Filesize;PackageMoniker;Writesize
file,write,Microsoft-Windows-Bits-Client,307,Microsoft-Windows-Bits-Client/Operational,log,W11+W2022,False,ok,sweep,It took {number} seconds to write a change file to the BITS job list.,number
file,write,Microsoft-Windows-CertificateServicesClient-CredentialRoaming,1007,Application,log,W11+W2022,False,ok,sweep,Certificate Services Client: Credential Roaming failed to write the State File. Error code {ErrorCode} ({ErrorMsg}),ErrorCode;ErrorMsg
flow,create,Microsoft-Windows-Application Server-Applications,3343,Debug,log,W2022,False,ok,sweep,Connection established.,
flow,create,Microsoft-Windows-Diagnosis-ScriptedDiagnosticsProvider,3001,Microsoft-Windows-Diagnosis-ScriptedDiagnosticsProvider/Operational,log,W11+W2022,False,ok,sweep,Failed to connect to the remote server {Hostname} at the URL path {Url} due to lack of network access.,Hostname;Url
flow,end,Microsoft-Windows-Application Server-Applications,3428,Debug,log,W2022,False,ok,sweep,WebSocketId:{websocketId} connection closed.,websocketId
flow,end,Microsoft-Windows-Base-Filtering-Engine-Connections,2001,BFE IPsec Connections Operational Log,log,W11+W2022,False,ok,sweep,Connection Closed,
flow,end,Microsoft-Windows-HttpService,23,HTTP Service Channel,log,W11+W2022,False,ok,sweep,Client closed the connection (connection pointer {ConnectionObj}). Status of whether closed by TCP Reset: {Abortive}.,Abortive;ConnectionObj
flow,start,Microsoft-Windows-Application Server-Applications,3319,Debug,log,W2022,False,ok,sweep,Connection accept started.,
flow,start,Microsoft-Windows-Application Server-Applications,3342,Debug,log,W2022,False,ok,sweep,Connection establishment started for {Key}.,Key
flow,start,Microsoft-Windows-Application Server-Applications,3343,Debug,log,W2022,False,ok,sweep,Connection established.,
flow,start,Microsoft-Windows-Application Server-Applications,3415,Debug,log,W2022,False,ok,sweep,WebSocket connection request to '{remoteAddress}' send start.,remoteAddress
flow,start,Microsoft-Windows-Application Server-Applications,3417,Debug,log,W2022,False,ok,sweep,WebSocket connection accept start.,
http,get,Microsoft-Windows-DSC,4225,Microsoft-Windows-DSC/Operational,log,W11+W2022,False,ok,sweep,Job {JobId} : WebDownloadManager for configuration s Get-DscDocument command; Http Client failed: {param1}.,JobId;param1
http,get,Microsoft-Windows-DSC,4231,Microsoft-Windows-DSC/Operational,log,W11+W2022,False,ok,sweep,Job {JobId} : WebDownloadManager Get-DscModule command; module {param1}; Http Client failed: {param2}.,JobId;param1;param2
http,get,Microsoft-Windows-User Device Registration,204,Microsoft-Windows-User Device Registration/Admin,log,W2022,False,ok,sweep,The get join response operation callback failed with exit code: {ExitCode}. The server returned HTTP status: {HttpStatus}.,ActivityId;ExitCode;HttpStatus;ServerResponse
http,get,Microsoft-Windows-WebAuth,1002,Operational,log,W11+W2022,False,ok,sweep,AuthHost about to navigate (HTTP GET) to URL: <{Url}>.,Url
http,post,Microsoft-Windows-WebAuth,1003,Operational,log,W11+W2022,False,ok,sweep,AuthHost about to navigate (HTTP POST) to URL: <{Url}>.,Url
http,post,Microsoft-Windows-WebAuth,1043,Operational,log,W11+W2022,False,ok,sweep,AuthHost terminated navigation with HTTP POST data: <{Post}> at URL: <{Url}!S!> matching termination URL: <{TerminateUrl}!S!>.,Post;TerminateUrl;Url
http,post,Microsoft-Windows-Immersive-Shell,7215,Microsoft-Windows-TWinUI/Diagnostic,log,W11+W2022,False,ok,sweep,Upload Request sent to Instrumentation Endpoint - HTTP Response Code: {HTTPResponseCode}; HTTP Post Payload: {HTTPPostPayload}.,HTTPHeaders;HTTPPostPayload;HTTPResponseCode
http,tunnel,Microsoft-Windows-PushNotifications-Platform,1248,Microsoft-Windows-PushNotifications-Platform/Admin,log,W11+W2022,False,ok,sweep,Connection to WNS ({HostName}:{Port}) failed: proxy host ({ProxyHostName}) could not be connected to. HTTP request failed with HTTP Status: {HttpStatus}.,HostName;HttpStatus;Port;ProxyHostName
module,load,Microsoft-Windows-AppXDeployment-Server,324,Microsoft-Windows-AppXDeploymentServer/Operational,log,W11+W2022,False,ok,sweep,error {ErrorCode}: Failed to load the extension DLL due to the following error: {ErrorMessage}.,ErrorCode;ErrorMessage
module,load,Microsoft-Windows-Biometrics,1101,Microsoft-Windows-Biometrics/Operational,log,W11+W2022,False,ok,sweep,The Windows Biometric Service failed to load an adapter binary: {ModulePath}. The module's 'Force Integrity' flag was not set.,ModulePath
module,load,Microsoft-Windows-CodeIntegrity,3001,Microsoft-Windows-CodeIntegrity/Operational,log,W11+W2022,False,ok,sweep,Code Integrity determined an unsigned kernel module {FileNameBuffer} is loaded into the system.,FileNameBuffer
module,load,Microsoft-Windows-CodeIntegrity,3005,Microsoft-Windows-CodeIntegrity/Operational,log,W11+W2022,False,ok,sweep,Code Integrity is unable to verify the image integrity of {FileNameBuffer}; the image is allowed to load because kernel mode debugger is attached.,FileNameBuffer
module,load,Microsoft-Windows-CodeIntegrity,3021,Microsoft-Windows-CodeIntegrity/Operational,log,W11+W2022,False,ok,sweep,Code Integrity determined a revoked kernel module {FileNameBuffer} is loaded into the system.,FileNameBuffer
module,load,Microsoft-Windows-CodeIntegrity,3025,Microsoft-Windows-CodeIntegrity/Verbose,log,W11+W2022,False,ok,sweep,Code Integrity determined kernel module {FileNameBuffer} is loaded into the system which does not have a valid embedded digital signature.,FileNameBuffer
module,load,Microsoft-Windows-CodeIntegrity,3032,Microsoft-Windows-CodeIntegrity/Operational,log,W11+W2022,False,ok,sweep,Code Integrity determined a revoked image {FileNameBuffer} is loaded into the system.,FileNameBuffer
module,load,Microsoft-Windows-CodeIntegrity,3034,Microsoft-Windows-CodeIntegrity/Operational,log,W11+W2022,False,ok,sweep,A process ({ProcessNameBuffer}) attempted to load {FileNameBuffer} that did not meet the {RequestedPolicy} signing level requirements or violated CI policy.,FileNameBuffer;ProcessNameBuffer;RequestedPolicy
module,metadata,Microsoft-Windows-Kernel-Boot,267,Microsoft-Windows-Kernel-Boot/Operational,log,W11,False,ok,sweep,Failed to query dump module list. Status: {Status}.,Status
module,unload,Microsoft-Windows-LAPS,10002,Microsoft-Windows-LAPS/Operational,log,W11,False,ok,sweep,The Local Administrator Password dll was unloaded.,
module,unload,Microsoft-Windows-ModernDeployment-Diagnostics-Provider,113,Autopilot,log,W11,False,ok,sweep,Autopilot reported the DLL was unloaded while there were {Int1} outstanding calls.,Int1
module,unload,Microsoft-Windows-Provisioning-Diagnostics-Provider,113,AutoPilot,log,W11,False,ok,sweep,AutoPilot reported the DLL was unloaded while there were {Int1} outstanding calls.,Int1
module,unload,Microsoft-Windows-Kernel-Process,6,Microsoft-Windows-Kernel-Process/Analytic,analytic,W11+W2022,False,ok,sweep,Process {ProcessID} had an image unloaded with name {ImageName}.,ImageName;ProcessID
module,unload,Microsoft-Windows-SharedAccess_NAT,32005,,etw,W11+W2022,False,ok,sweep,The Network Address Translator (NAT) was unable to unload the kernel-mode translation module. The data is the error code.,
process,access,Microsoft-Windows-Security-Auditing,4656,Security,log,W11+W2022,False,ok,sweep,A handle to an object was requested. Object Type: {ObjectType} (incl. Process); Handle ID: {HandleId}; Access Request Information: Accesses/Access Mask.,HandleId;ObjectName;ObjectServer;ObjectType;SubjectDomainName;SubjectLogonId;SubjectUserName;SubjectUserSid;TransactionId
process,access,Microsoft-Windows-Security-Auditing,4663,Security,log,W11+W2022,True,ok,sweep,An attempt was made to access an object. Subject: {SubjectUserName}; Object Type: {ObjectType}; Object Name: {ObjectName}; Accesses: {AccessList}.,AccessList;HandleId;ObjectName;ObjectServer;ObjectType;SubjectDomainName;SubjectLogonId;SubjectUserName;SubjectUserSid
process,create,Microsoft-Windows-AppModel-Runtime,201,Microsoft-Windows-AppModel-Runtime/Admin,log,W11+W2022,False,ok,sweep,Created process {ProcessID} for application {ApplicationName} in package {PackageName}. {Message},ApplicationName;Message;PackageName;ProcessID
process,create,Microsoft-AppV-Client,4001,Admin,log,W11+W2022,False,ok,sweep,The App-V client failed to create a process for {ScriptScope} script event {EventType} with command line: '{CommandLine}'. Windows error: {Error}.,CommandLine;Error;EventType;ScriptScope
process,create,Microsoft-Windows-AppModel-Runtime,2,Microsoft-Windows-AppModel-Runtime/Admin,log,W11+W2022,False,ok,sweep,{ErrorCode}: Cannot create the process for package {PackageFullName} because an error was encountered. {ErrorMessage},ErrorCode;ErrorMessage;PackageFullName
process,create,Microsoft-Windows-AppModel-Runtime,3,Microsoft-Windows-AppModel-Runtime/Admin,log,W11+W2022,False,ok,sweep,{ErrorCode}: Cannot create the process for package {PackageFullName} because an error was encountered while querying the fast... {ErrorMessage},ErrorCode;ErrorMessage;PackageFullName
process,create,Microsoft-Windows-AppModel-Runtime,4,Microsoft-Windows-AppModel-Runtime/Admin,log,W11+W2022,False,ok,sweep,{ErrorCode}: Cannot create the process for package {PackageFullName} because an error was encountered while preparing the App... {ErrorMessage},ErrorCode;ErrorMessage;PackageFullName
process,create,Microsoft-Windows-AppModel-Runtime,5,Microsoft-Windows-AppModel-Runtime/Admin,log,W11+W2022,False,ok,sweep,{ErrorCode}: Cannot create the process for package {PackageFullName} because an error was encountered while checking the user-... {ErrorMessage},ErrorCode;ErrorMessage;PackageFullName
process,create,Microsoft-Windows-AppModel-Runtime,6,Microsoft-Windows-AppModel-Runtime/Admin,log,W11+W2022,False,ok,sweep,{ErrorCode}: Cannot create the process for package {PackageFullName} because an error was encountered while checking the machi... {ErrorMessage},ErrorCode;ErrorMessage;PackageFullName
process,create,Microsoft-Windows-AppModel-Runtime,7,Microsoft-Windows-AppModel-Runtime/Admin,log,W11+W2022,False,ok,sweep,{ErrorCode}: Cannot create the process for package {PackageFullName} because an error was encountered while verifying the App... {ErrorMessage},ErrorCode;ErrorMessage;PackageFullName
process,terminate,Microsoft-AppV-Client,4002,Admin,log,W11+W2022,False,ok,sweep,Timeout reached waiting for executable '{CommandLine}' to complete; the script process was terminated. RollbackOnError=true: AppV operation rolls back.,CommandLine;EventType;ScriptScope;Timeout
process,terminate,Microsoft-Windows-AppXDeployment-Server,547,Microsoft-Windows-AppXDeploymentServer/Operational,log,W2022,False,ok,sweep,ByteCodeGenerator process terminated with exit code {ExitCode} for package {PackageFullName}.,ExitCode;PackageFullName
process,terminate,Microsoft-Windows-AppXDeployment-Server,9652,Microsoft-Windows-AppXDeploymentServer/Operational,log,W11+W2022,False,ok,sweep,{ErrorCode}: Force terminated service {String2} process in package {String1}.,ErrorCode;String1;String2
process,terminate,Microsoft-Windows-Audio,4,Microsoft-Windows-Audio/Operational,log,W11+W2022,False,ok,sweep,The Windows Audio Device Graph Isolation process (audiodg.exe) has terminated unexpectedly. Process Exit Code: 0x{dwAudioDgTerminationCode},dwAudioDgTerminationCode
process,terminate,Microsoft-Windows-CloudRestoreLauncher,45,Microsoft-Windows-CloudRestoreLauncher/Operational,log,W11,False,ok,sweep,Process {ProcessId} exited.,ProcessId
process,terminate,Microsoft-Windows-DriverFrameworks-UserMode,1007,Operational,log,W11+W2022,False,ok,sweep,The host process ({LifetimeId}) has a problem ({Problem}) and is being terminated.,LifetimeId;Problem
process,terminate,Microsoft-Windows-DriverFrameworks-UserMode,4000,Operational,log,W11,False,ok,sweep,A runtime failure has occurred in user-mode driver {Driver} and the hosting process has been terminated.,Driver
process,terminate,Microsoft-Windows-DriverFrameworks-UserMode,10110,System,log,W11+W2022,False,ok,sweep,A problem has occurred with one or more user-mode drivers and the hosting process has been terminated.,
registry,access,Microsoft-User Experience Virtualization-App Agent,1006,Operational,log,W2022,False,ok,sweep,You do not have sufficient rights to be able to access the settings location template index key (or one of its subkeys) in the registry.,Ulong1
registry,access,Microsoft-Windows-EapHost,1021,Microsoft-Windows-EapHost/Operational,log,W11+W2022,False,ok,sweep,Method not registered or method's registry data could not be accessed. Unable to open registry key {Registry Key}; error code {ErrorCode},ErrorCode
registry,access,Microsoft-Windows-EapHost,1022,Microsoft-Windows-EapHost/Operational,log,W11+W2022,False,ok,sweep,Method not registered or method's registry data could not be accessed. Query registry ({RegKeyValue}) failed for method: TypeId={TypeId}; AuthorId={AuthorId},AuthorId;RegKeyValue;TypeId;VendorId;VendorType
registry,access,Microsoft-Windows-EapHost,1023,Microsoft-Windows-EapHost/Operational,log,W11+W2022,False,ok,sweep,Method not registered or method's registry data could not be accessed. Validation failed for key ({RegKeyValue}),AuthorId;RegKeyValue;TypeId;VendorId;VendorType
registry,access,Microsoft-Windows-EapHost,3021,Microsoft-Windows-EapHost/Operational,log,W11+W2022,False,ok,sweep,EAP methods not registered or registry data could not be accessed; Failed to open registry {Registry Key}; Error Code: {ErrorCode},ErrorCode
registry,access,Microsoft-Windows-EapHost,3022,Microsoft-Windows-EapHost/Operational,log,W11+W2022,False,ok,sweep,EAP methods not registered or registry data could not be accessed; Failed to open method registry {AuthorId}\{TypeId}. Skip this type ID,AuthorId;TypeId
registry,access,Microsoft-Windows-EapHost,3023,Microsoft-Windows-EapHost/Operational,log,W11+W2022,False,ok,sweep,EAP methods not registered or registry data could not be accessed; Failed to open method registry {AuthorId}. Skip this author ID,AuthorId
registry,access,Microsoft-Windows-Kernel-AppCompat,1,Microsoft-Windows-Kernel-AppCompat/General,log,W11+W2022,False,ok,sweep,The executable {ExecutablePath} received an access denied error when trying to modify the registry key {RegistryPath}.,ExecutablePath;RegistryPath
registry,add,Microsoft-User Experience Virtualization-App Agent,1007,Operational,log,W2022,False,ok,sweep,Unable to create the settings location template index key in the Registry. [System error code {Ulong1}].,Ulong1
registry,add,Microsoft-User Experience Virtualization-App Agent,9012,Operational,log,W2022,False,ok,sweep,Failed to create registry key: {stringValue1}.,stringValue1
registry,add,Microsoft-Windows-AppModel-Runtime,24,Microsoft-Windows-AppModel-Runtime/Admin,log,W11+W2022,False,ok,sweep,CreateAppContainerProfile failed with error {ErrorCode} because it was unable to create registry key {Context}.,Context;ErrorCode
registry,add,Microsoft-Windows-AppXDeployment-Server,800,Microsoft-Windows-AppXDeploymentServer/Operational,log,W11+W2022,False,ok,sweep,Creation of registry key: {RegistryKeyName} failed with error: {ErrorCode}.,ErrorCode;RegistryKeyName
registry,add,Microsoft-Windows-AppXDeployment-Server,5101,Microsoft-Windows-AppXDeploymentServer/Operational,log,W11+W2022,False,ok,sweep,error {ErrorCode}: Cannot create registry key or value {Location} for the {PackageName} package.,ErrorCode;Location;PackageName
registry,add,Microsoft-Windows-Help,1004,Microsoft-Windows-Help/Operational,log,W11+W2022,False,ok,sweep,Registry key for user settings was not found and could not be created,
registry,add,Microsoft-Windows-PrintService,349,Admin,log,W11+W2022,False,ok,sweep,The print spooler failed to create a symbolic link between HKEY_LOCAL_MACHINE\System\CurrentControlSet\Control\Print\Printers and {param1}.,param1
registry,add,Microsoft-Windows-WMPNSS-Service,14306,System,log,W11+W2022,False,ok,sweep,Service '{ServiceName}' not installed: registry keys under 'HKLM\SOFTWARE\Microsoft\Windows Media Player NSS\3.0' could not be created (error '{ErrorCode1}').,ErrorCode1;ServiceName
registry,create,Microsoft-User Experience Virtualization-App Agent,1007,Operational,log,W2022,False,ok,sweep,Unable to create the settings location template index key in the Registry. [System error code {Ulong1}].,Ulong1
registry,create,Microsoft-User Experience Virtualization-App Agent,9012,Operational,log,W2022,False,ok,sweep,Failed to create registry key: {stringValue1}.,stringValue1
registry,create,Microsoft-Windows-AppModel-Runtime,24,Microsoft-Windows-AppModel-Runtime/Admin,log,W11+W2022,False,ok,sweep,CreateAppContainerProfile failed with error {ErrorCode} because it was unable to create registry key {Context}.,Context;ErrorCode
registry,create,Microsoft-Windows-AppXDeployment-Server,800,Microsoft-Windows-AppXDeploymentServer/Operational,log,W11+W2022,False,ok,sweep,Creation of registry key: {RegistryKeyName} failed with error: {ErrorCode}.,ErrorCode;RegistryKeyName
registry,create,Microsoft-Windows-AppXDeployment-Server,5101,Microsoft-Windows-AppXDeploymentServer/Operational,log,W11+W2022,False,ok,sweep,error {ErrorCode}: Cannot create registry key or value {Location} for the {PackageName} package.,ErrorCode;Location;PackageName
registry,create,Microsoft-Windows-Help,1004,Microsoft-Windows-Help/Operational,log,W11+W2022,False,ok,sweep,Registry key for user settings was not found and could not be created,
registry,create,Microsoft-Windows-PrintService,349,Admin,log,W11+W2022,False,ok,sweep,The print spooler failed to create a symbolic link between HKEY_LOCAL_MACHINE\System\CurrentControlSet\Control\Print\Printers and {param1}.,param1
registry,create,Microsoft-Windows-WMPNSS-Service,14306,System,log,W11+W2022,False,ok,sweep,Service '{ServiceName}' not installed: registry keys under 'HKLM\SOFTWARE\Microsoft\Windows Media Player NSS\3.0' could not be created (error '{ErrorCode1}').,ErrorCode1;ServiceName
registry,delete,Microsoft-User Experience Virtualization-App Agent,1005,Operational,log,W2022,False,ok,sweep,Unable to delete the existing settings location template index subtree in the registry.,Ulong1
registry,delete,Microsoft-User Experience Virtualization-App Agent,9011,Operational,log,W2022,False,ok,sweep,Failed to delete registry key or value: {stringValue1}.,stringValue1
registry,delete,Microsoft-Windows-AppModel-Runtime,26,Microsoft-Windows-AppModel-Runtime/Admin,log,W11+W2022,False,ok,sweep,AppContainer profile failed with error {ErrorCode} because it was unable to delete registry key {Context}.,Context;ErrorCode
registry,delete,Microsoft-Windows-AppXDeployment-Server,802,Microsoft-Windows-AppXDeploymentServer/Operational,log,W11+W2022,False,ok,sweep,Deletion of registry key: {RegistryKeyName} failed with error: {ErrorCode}.,ErrorCode;RegistryKeyName
registry,delete,Microsoft-Windows-AppXDeployment-Server,808,Microsoft-Windows-AppXDeploymentServer/Operational,log,W11+W2022,False,ok,sweep,Deletion of registry key: {RegistryKeyName} failed with error: {ErrorCode}.,ErrorCode;RegistryKeyName
registry,delete,Microsoft-Windows-AppXDeployment-Server,5040,Microsoft-Windows-AppXDeploymentServer/Operational,log,W11+W2022,False,ok,sweep,{ErrorCode}: Cannot delete splash screen information from the registry for package {PackageName}. The registry keys may be in use.,ErrorCode;PackageName
registry,delete,Microsoft-Windows-AppXDeployment-Server,5102,Microsoft-Windows-AppXDeploymentServer/Operational,log,W11+W2022,False,ok,sweep,error {ErrorCode}: Cannot delete registry key or value {Location} for the {PackageName} package.,ErrorCode;Location;PackageName
registry,delete,Microsoft-Windows-AppXDeployment-Server,5302,Microsoft-Windows-AppXDeploymentServer/Operational,log,W11+W2022,False,ok,sweep,Removal of the {ErrorText} package failed because the '{ExtendedData}' registry key could not be deleted.,ErrorCode;ErrorText;ExtendedData;PackageName
registry,key_edit,Microsoft-User Experience Virtualization-App Agent,1007,Operational,log,W2022,False,ok,sweep,Unable to create the settings location template index key in the Registry. [System error code {Ulong1}].,Ulong1
registry,key_edit,Microsoft-User Experience Virtualization-App Agent,9011,Operational,log,W2022,False,ok,sweep,Failed to delete registry key or value: {stringValue1}.,stringValue1
registry,key_edit,Microsoft-User Experience Virtualization-App Agent,9012,Operational,log,W2022,False,ok,sweep,Failed to create registry key: {stringValue1}.,stringValue1
registry,key_edit,Microsoft-Windows-AppModel-Runtime,24,Microsoft-Windows-AppModel-Runtime/Admin,log,W11+W2022,False,ok,sweep,CreateAppContainerProfile failed with error {ErrorCode} because it was unable to create registry key {Context}.,Context;ErrorCode
registry,key_edit,Microsoft-Windows-AppModel-Runtime,25,Microsoft-Windows-AppModel-Runtime/Admin,log,W11+W2022,False,ok,sweep,AppContainerProfile failed with error {ErrorCode} because it was unable to set security on registry key {Context}.,Context;ErrorCode
registry,key_edit,Microsoft-Windows-AppModel-Runtime,26,Microsoft-Windows-AppModel-Runtime/Admin,log,W11+W2022,False,ok,sweep,AppContainer profile failed with error {ErrorCode} because it was unable to delete registry key {Context}.,Context;ErrorCode
registry,modify,Microsoft-Windows-Security-Auditing,4657,Security,log,W11+W2022,True,ok,sweep,"A registry value was modified. Object: {ObjectName}, Value: {ObjectValueName}, Operation: {OperationType}; old and new value types recorded.",HandleId;ObjectName;ObjectValueName;OldValueType;OperationType;SubjectDomainName;SubjectLogonId;SubjectUserName;SubjectUserSid
registry,modify,Microsoft-Windows-Kernel-Boot,213,Microsoft-Windows-Kernel-Boot/Analytic,analytic,W11+W2022,False,ok,sweep,Registry modification detected after load: {PathLength}.,PathLength
registry,modify,Microsoft-Windows-Complus,2147488106,,etw,W11+W2022,False,ok,sweep,A registry value was changed while installing the following component into a COM+ Application.,param1
registry,modify,Microsoft-Windows-WiFiNetworkManager,1901,,etw,W11,False,ok,sweep,Roaming Tethering Settings - Failed to update bluetooth change registry key; {hr},hr
registry,remove,Microsoft-User Experience Virtualization-App Agent,1005,Operational,log,W2022,False,ok,sweep,Unable to delete the existing settings location template index subtree in the registry.,Ulong1
registry,remove,Microsoft-User Experience Virtualization-App Agent,9011,Operational,log,W2022,False,ok,sweep,Failed to delete registry key or value: {stringValue1}.,stringValue1
registry,remove,Microsoft-Windows-AppModel-Runtime,26,Microsoft-Windows-AppModel-Runtime/Admin,log,W11+W2022,False,ok,sweep,AppContainer profile failed with error {ErrorCode} because it was unable to delete registry key {Context}.,Context;ErrorCode
registry,remove,Microsoft-Windows-AppXDeployment-Server,456,Microsoft-Windows-AppXDeploymentServer/Operational,log,W11+W2022,False,ok,sweep,Removed registry for package {MainPackageFullName} for user {UserSid}. This package will be installed for the user on next logon.,MainPackageFullName;UserSid
registry,remove,Microsoft-Windows-AppXDeployment-Server,802,Microsoft-Windows-AppXDeploymentServer/Operational,log,W11+W2022,False,ok,sweep,Deletion of registry key: {RegistryKeyName} failed with error: {ErrorCode}.,ErrorCode;RegistryKeyName
registry,remove,Microsoft-Windows-AppXDeployment-Server,5040,Microsoft-Windows-AppXDeploymentServer/Operational,log,W11+W2022,False,ok,sweep,{ErrorCode}: Cannot delete splash screen information from the registry for package {PackageName}. The registry keys may be in use.,ErrorCode;PackageName
registry,remove,Microsoft-Windows-AppXDeployment-Server,5102,Microsoft-Windows-AppXDeploymentServer/Operational,log,W11+W2022,False,ok,sweep,error {ErrorCode}: Cannot delete registry key or value {Location} for the {PackageName} package.,ErrorCode;Location;PackageName
registry,remove,Microsoft-Windows-AppXDeployment-Server,5302,Microsoft-Windows-AppXDeploymentServer/Operational,log,W11+W2022,False,ok,sweep,Removal of the {ErrorText} package failed because the '{ExtendedData}' registry key could not be deleted.,ErrorCode;ErrorText;ExtendedData;PackageName
registry,value_edit,Microsoft-User Experience Virtualization-App Agent,9013,Operational,log,W2022,False,ok,sweep,Failed to set registry key value: {stringValue1}.,stringValue1
registry,value_edit,Microsoft-Windows-AAD,1211,Microsoft-Windows-AAD/Operational,log,W11+W2022,False,ok,sweep,Writing RunRecovery registry value failed. Status: {Status},Status
registry,value_edit,Microsoft-Windows-AAD,1247,Microsoft-Windows-AAD/Operational,log,W11+W2022,False,ok,sweep,RunRecovery registry value ({value}) successfully written. Context: {Context} Reason: {Result},Context;Result;value
registry,value_edit,Microsoft-Windows-AppXDeployment-Server,805,Microsoft-Windows-AppXDeploymentServer/Operational,log,W11+W2022,False,ok,sweep,Failed to write the value named {ValueName} from registry key: {RegistryKeyName} with error: {ErrorCode}.,ErrorCode;RegistryKeyName;ValueName
service,access,Microsoft-Windows-PrintBRM,72,Admin,log,W11+W2022,False,ok,sweep,Printbrm.exe was unable to access the Remote Registry service on {ComputerName}. Error reported: {ErrorCode}.,ComputerName;ErrorCode
service,access,Microsoft-Windows-Security-Auditing,4769,Security,log,W11+W2022,False,ok,sweep,A Kerberos service ticket was requested; generated when access is requested to a resource such as a computer or a Windows service.,IpAddress;IpPort;ServiceName;ServiceSid;Status;TargetDomainName;TargetUserName;TicketEncryptionType;TicketOptions
service,create,Microsoft-AppV-Client,6015,Operational,log,W11+W2022,False,ok,sweep,Service {Item} is created as a native service instead of a virtual service. Creating virtual service during runtime is not supported.,Item
service,delete,Microsoft-Windows-AppXDeployment-Server,9628,Microsoft-Windows-AppXDeploymentServer/Operational,log,W11+W2022,False,ok,sweep,{FileName}({Line};{Column}): PackagedServiceDEH failed to delete service {ErrorText} in package {PackageName},Column;ErrorText;FileName;Line;PackageName
service,modify,Microsoft-Windows-SENSE,9,Microsoft-Windows-SENSE/Operational,log,W11+W2022,False,ok,sweep,Windows Defender Advanced Threat Protection service failed to change its start type. Failure code: {HRESULT},HRESULT
service,modify,Microsoft-Windows-SENSE,17,Microsoft-Windows-SENSE/Operational,log,W11+W2022,False,ok,sweep,Windows Defender Advanced Threat Protection service failed to change the Connected User Experiences and Telemetry service location. Failure code: {HRESULT},HRESULT
service,start,Microsoft-AppV-Client,16,Admin,log,W11+W2022,False,ok,sweep,The Client service cannot be started due to component {StringParam} failing during the global maintenance phase. Error: {ErrorHigh}-{ErrorLow},ErrorHigh;ErrorLow;StringParam
service,start,Microsoft-AppV-Client,6006,Operational,log,W11+W2022,False,ok,sweep,Service {Item1} failed to start due to error {Item2}.,Item1;Item2
service,start,Microsoft-AppV-Client,6012,Operational,log,W11+W2022,False,ok,sweep,Automatic service {Item} could not be started.,Item
service,start,Microsoft-AppV-Client,18004,Admin,log,W11+W2022,False,ok,sweep,The virtual application '{Item1}' could not be launched because the service '{Item2}' could not be started.,Item1;Item2
service,stop,Microsoft-AppV-Client,6011,Operational,log,W11+W2022,False,ok,sweep,Service {Item} could not be stopped.,Item
service,stop,Microsoft-Windows-AppReadiness,101,Admin,log,W11+W2022,False,ok,sweep,"AppReadiness_Service_Lifetime task Stop (keyword Service, Admin channel): fires when the AppReadiness service lifetime ends.",
socket,bind,Microsoft-Windows-RemoteDesktopServices-RdpCoreTS,129,Microsoft-Windows-RemoteDesktopServices-RdpCoreTS/Operational,log,W11+W2022,False,ok,sweep,The server is using {TransportProtocolName} to bind to port {Port}.,Port;TransportProtocolName
socket,bind,Microsoft-Windows-Security-Auditing,5158,Security,log,W11+W2022,True,ok,sweep,The Windows Filtering Platform has permitted a bind to a local port. App: {Application} PID {ProcessId} {SourceAddress}:{SourcePort}.,Application;FilterRTID;LayerName;LayerRTID;ProcessId;Protocol;SourceAddress;SourcePort
socket,bind,Microsoft-Windows-Security-Auditing,5159,Security,log,W11+W2022,False,ok,sweep,The Windows Filtering Platform has blocked a bind to a local port. App: {Application} PID {ProcessId} {SourceAddress}:{SourcePort}.,Application;FilterRTID;LayerName;LayerRTID;ProcessId;Protocol;SourceAddress;SourcePort
socket,bind,Microsoft-Windows-TCPIP,1006,Microsoft-Windows-TCPIP/Diagnostic,log,W11+W2022,False,ok,sweep,TCP: endpoint (sockaddr={LocalAddress}) bind failed: port-acquisition status = {Status}.,LocalAddress;Status
socket,bind,Microsoft-Windows-TCPIP,1121,Microsoft-Windows-TCPIP/Diagnostic,log,W11+W2022,False,ok,sweep,TCP: listener {Listener} (sockaddr={SocketAddress}) bind failed: port-acquisition status={Status}.,Listener;SocketAddress;Status
socket,bind,Microsoft-Windows-TCPIP,1394,Microsoft-Windows-TCPIP/Diagnostic,log,W11+W2022,False,ok,sweep,UDP: endpoint {Endpoint} (sockaddr={LocalAddress}) bind failed: port-acquisition status = {Status},Endpoint;LocalAddress;Status
socket,bind,Microsoft-Windows-Winsock-AFD,2,Microsoft-Windows-Winsock Network Event/Operational,log,W11+W2022,False,ok,sweep,Socket bind: {Process} {Endpoint} {Address} {Port} {Status},Address;Endpoint;Port;Process;Status
socket,bind,Microsoft-Windows-Winsock-AFD,3,Microsoft-Windows-Winsock Network Event/Operational,log,W11+W2022,False,ok,sweep,Socket bind: {Process} {Endpoint} {Address} {Port} {Status},Address;Endpoint;Port;Process;Status
socket,close,Microsoft-Windows-Application Server-Applications,3347,Debug,log,W2022,False,ok,sweep,Socket accept closed.,
socket,close,Microsoft-Windows-SMBDirect,6,Microsoft-Windows-SMBDirect/Admin,log,W2022,False,ok,sweep,A connection has been terminated: no pending requests to adapter '{AdapterAlias}' completed in {TimeoutInMs} ms. Socket = {SocketID} Local/Remote addresses.,AdapterAlias;LocalAddress;RemoteAddress;SocketID;TimeoutInMs
socket,close,Microsoft-Windows-SMBDirect,5009,Microsoft-Windows-SMBDirect/Operational,log,W11,False,ok,sweep,A request to close a socket exceeded the completion deadline. Socket ID: {SocketId} Local: {LocalNetAddress} Remote: {RemoteNetAddress},AdapterIfIndex;DeadlineInMs;LocalNetAddress;RemoteNetAddress;SocketId
socket,close,Microsoft-Windows-WebIO,204,Microsoft-Windows-WebIO/Diagnostic,log,W11+W2022,False,ok,sweep,{Endpoint}: Socket {Socket} Closed (Reason = {Reason}; Status = {Result}).,Endpoint;Reason;Result;Socket
socket,listen,Microsoft-Windows-BranchCache,41,Microsoft-Windows-BranchCache/Operational,log,W11,False,ok,sweep,BranchCache cannot start because another application or service is listening on TCP port {ListenPort} (HTTP).,ListenPort
socket,listen,Microsoft-Windows-SMBServer,3012,Microsoft-Windows-SMBServer/Operational,log,W11,False,ok,sweep,The SMB server service failed to create an endpoint with listener rule: Port {Port} Error {Status} - often another process already listening on that IP/port.,Port;SrvInstances;Status;TransportName;TransportType
socket,listen,Microsoft-Windows-Security-Auditing,5154,Security,log,W11+W2022,False,ok,sweep,The Windows Filtering Platform has permitted an application or service to listen on a port for incoming connections. App: {Application} PID {ProcessId}.,Application;FilterRTID;LayerName;LayerRTID;ProcessId;Protocol;SourceAddress;SourcePort
socket,listen,Microsoft-Windows-Security-Auditing,5155,Security,log,W11+W2022,False,ok,sweep,The Windows Filtering Platform has blocked an application or service from listening on a port for incoming connections. App: {Application} PID {ProcessId}.,Application;FilterRTID;LayerName;LayerRTID;ProcessId;Protocol;SourceAddress;SourcePort
socket,listen,Microsoft-Windows-TCPIP,1368,Microsoft-Windows-TCPIP/Diagnostic,log,W11+W2022,False,ok,sweep,Teredo Add -- PID: {PID} started listening on {LocalAddress}. AddressType {AddressType}. Port {Port}.,AddressType;EndpointRecord;LocalAddress;PID;Port;ScopeLevel
socket,listen,Microsoft-Windows-WinRM,468853,,etw,W11+W2022,False,ok,sweep,The WinRM service is not listening for requests since it failed to listen on at least one address and port. Remote management using WinRM will fail.,
thread,create,Microsoft-Windows-Deduplication,8227,Microsoft-Windows-Deduplication/Diagnostic,log,W11,False,ok,sweep,Data Deduplication could not create thread to poll for task scheduler stop message due to error {Param1}.,Context;Param1
thread,create,Microsoft-Windows-Shell-AuthUI,5010,Microsoft-Windows-Authentication User Interface/Operational,log,W11+W2022,False,ok,sweep,The credential provider thread creation failed. Details: {Error},Error
thread,create,Microsoft-AppV-Client-StreamingUX,21,Microsoft-AppV-Client-Streamingux/Debug,analytic,W11+W2022,True,ok,sweep,An attempt to create the thread for performance counter data retrieval failed. ErrorCode = {unint64},unint64
thread,create,Microsoft-Windows-Complus,3221361924,,etw,W11+W2022,False,ok,sweep,COM+ could not create a new thread due to a low memory situation.{param1},param1
thread,create,Microsoft-Windows-DfsSvc,3221239984,,etw,W11+W2022,False,ok,sweep,DFS could not create DFS support thread. The return code is in the record data.,
thread,create,Microsoft-Windows-MPRMSG,20044,,etw,W11+W2022,False,ok,sweep,Cannot create an instance thread in the admin support thread for the Remote Access Service.,
thread,create,Microsoft-Windows-WiFiNetworkManager,1503,,etw,W11,False,ok,sweep,RadioMgr - Failed to create set power thread; error {Error}.,Error
thread,create,Microsoft-Windows-WwanProtDim_8ae583a328f2324fa39dea640c5846ee,73,,etw,W11,False,ok,sweep,Creation of receive thread failed {A10_Error},A10_Error
thread,terminate,Microsoft-Windows-PowerShell,53505,Microsoft-Windows-PowerShell/Operational,log,W11+W2022,False,ok,sweep,Windows PowerShell has ended an IPC listening thread on process: {param1} in AppDomain: {param2}.,param1;param2
thread,terminate,Microsoft-Windows-UserPnp,7554,Microsoft-Windows-UserPnp/SchedulerOperations,log,W11+W2022,False,ok,sweep,Plug and Play install worker thread has exited.,
user_session,create,LsaSrv,301,Operational,log,W11+W2022,False,ok,sweep,Claims assigned to a new logon. Generated when a new logon session is created and the user token contains user and/or device claims.,EventCountTotal;EventIdx;LogonType;TargetDomainName;TargetLogonGuid;TargetLogonId;TargetUserName;TargetUserSid;UserClaims
user_session,lock,Microsoft-Windows-Security-Auditing,4800,Security,log,W11+W2022,False,ok,sweep,The workstation was locked. Subject: Security ID {TargetUserSid} Account Name {TargetUserName} Logon ID {TargetLogonId} Session ID {SessionId},SessionId;TargetDomainName;TargetLogonId;TargetUserName;TargetUserSid
user_session,login,LsaSrv,301,Operational,log,W11+W2022,False,ok,sweep,Claims assigned to a new logon. Generated when a new logon session is created and the user token contains user and/or device claims.,EventCountTotal;EventIdx;LogonType;TargetDomainName;TargetLogonGuid;TargetLogonId;TargetUserName;TargetUserSid;UserClaims
user_session,logout,Microsoft-Windows-LAPS,10078,Microsoft-Windows-LAPS/Operational,log,W11,False,ok,sweep,LAPS successfully notified the following session that a logoff is pending shortly. SessionId: {SessionId} Session name: {SessionName} User name: {UserName},DomainName;ExecEnvId;FarmName;HostName;SessionId;SessionName;State;UserName
user_session,logout,Microsoft-Windows-LAPS,10079,Microsoft-Windows-LAPS/Operational,log,W11,False,ok,sweep,LAPS failed to notify session that a logoff is pending shortly. The logoff action will proceed regardless. SessionId: {SessionId} User name: {UserName},DomainName;Error;ExecEnvId;FarmName;HostName;SessionId;SessionName;State;UserName
user_session,logout,Microsoft-Windows-LAPS,10082,Microsoft-Windows-LAPS/Operational,log,W11,False,ok,sweep,LAPS successfully logged off the following session. SessionId: {SessionId} Session name: {SessionName} User name: {UserName} Domain name: {DomainName},DomainName;ExecEnvId;FarmName;HostName;SessionId;SessionName;State;UserName
user_session,logout,Microsoft-Windows-OfflineFiles,8,Microsoft-Windows-OfflineFiles/Operational,log,W11+W2022,False,ok,sweep,User logoff detected. Account: {Account} Session: {Session},Account;Session
user_session,logout,Microsoft-Windows-SENSE,305,Microsoft-Windows-SENSE/Operational,log,W2022,False,ok,sweep,Windows Defender Advanced Threat Protection Session Recorder user session logoff event for session id: {UInt1},UInt1
user_session,unlock,Microsoft-Windows-Security-Auditing,4801,Security,log,W11+W2022,False,ok,sweep,The workstation was unlocked. Subject: Security ID {TargetUserSid} Account Name {TargetUserName} Logon ID {TargetLogonId} Session ID {SessionId},SessionId;TargetDomainName;TargetLogonId;TargetUserName;TargetUserSid
authentication,error,LsaSrv,40967,System,log,W11+W2022,False,pending,priority,The Security System has received an authentication request directly for authentication protocol {Protocol}.,Protocol
authentication,error,LsaSrv,6158,System,log,W11,False,pending,priority,Error reading Credential Guard (LsaIso.exe) UEFI configuration: {Status},Status
authentication,error,Microsoft-Windows-SMBServer,3009,Microsoft-Windows-SMBServer/Audit,log,W11,False,pending,priority,An error occurred while checking client certificate chain access during mutual authentication. Win32 error c,ClientSocketAddress;Error;ServerName
authentication,failure,Microsoft-Windows-Security-Auditing,4625,Security,log,W11+W2022,False,pending,priority,An account failed to log on.Subject: Security ID: {SubjectUserSid} Account Name: {SubjectUserName} Account Domain:,FailureReason;Status;SubjectDomainName;SubjectLogonId;SubjectUserName;SubjectUserSid;TargetDomainName;TargetUserName;TargetUserSid
authentication,failure,Microsoft-Windows-Security-Auditing,4626,Security,log,W11+W2022,False,pending,priority,Device Claims: {SubjectUserSid}3The subject fields indicate the account on the local system which requested the logon. This is most commonly a service such as t,LogonType;SubjectDomainName;SubjectLogonId;SubjectUserName;SubjectUserSid;TargetDomainName;TargetLogonId;TargetUserName;TargetUserSid
driver,load,Service Control Manager,3221232498,,etw,W2022,False,pending,priority,The following boot-start or system-start driver(s) did not load: {param1},param1
file,access,Microsoft-Windows-SMBServer,1006,Microsoft-Windows-SMBServer/Security,log,W11+W2022,False,pending,priority,The share denied access to the client.Client Name: {ShareNameLength}0Client Address: {ClientAddress}User Name: {UserName}Se,ClientAddress;ShareName;ShareNameLength;SharePath;UserName
file,access,Microsoft-Windows-SMBServer,1025,Microsoft-Windows-SMBServer/Operational,log,W11+W2022,False,pending,priority,One or more named pipes or shares have been marked for access by anonymous users. This increases the security risk of the computer by allowing unauthenticated u,
file,acl_modify,Microsoft-Windows-Security-Auditing,4714,Security,log,W11+W2022,False,pending,priority,Data Recovery Agent group policy for Encrypting File System (EFS) has changed. The new changes have been applied.,
file,create,Microsoft-Windows-Security-Auditing,4664,Security,log,W11+W2022,False,pending,priority,An attempt was made to create a hard link.Subject: Account Name: {SubjectUserSid} Account Name: {SubjectUserName} Account Domai,FileName;LinkName;SubjectDomainName;SubjectLogonId;SubjectUserName;SubjectUserSid;TransactionId
file,read,Microsoft-Windows-SMBServer,1030,Microsoft-Windows-SMBServer/Operational,log,W11+W2022,False,pending,priority,An MDL read or write completion request failed.Server Name: {ServerName}Share Name: {ShareName}File Name: {File,FileName;IsRead;ServerName;ShareName;Status
flow,content,Microsoft-Windows-SMBServer,1913,Microsoft-Windows-SMBServer/Operational,log,W11,False,pending,priority,The SMB connection was successfully established.Endpoint Name: {EndpointName}Transport: {ConnectionType}Server socket address: {ServerSocketAddress,ClientSocketAddress;ConnectionId;ConnectionType;EndpointName;EndpointNameLength;ServerSocketAddress
flow,content,Microsoft-Windows-Security-Auditing,4650,Security,log,W11+W2022,False,pending,priority,An IPsec main mode security association was established. Extended mode was not enabled. Certificate authentication was not used.Local Endpoint: Principal,KeyModName;LocalAddress;LocalKeyModPort;LocalMMPrincipalName;MMAuthMethod;MMCipherAlg;RemoteAddress;RemoteKeyModPort;RemoteMMPrincipalName
flow,content,Microsoft-Windows-Security-Auditing,4651,Security,log,W11+W2022,False,pending,priority,An IPsec main mode security association was established. Extended mode was not enabled. A certificate was used for authentication.Local Endpoint: Principa,LocalAddress;LocalMMCertHash;LocalMMIssuingCA;LocalMMPrincipalName;LocalMMRootCA;RemoteMMCertHash;RemoteMMIssuingCA;RemoteMMPrincipalName;RemoteMMRootCA
flow,content,Microsoft-Windows-Security-Auditing,4979,Security,log,W11+W2022,False,pending,priority,IPsec main mode and extended mode security associations were established.Main Mode Local Endpoint: Principal Name: {LocalMMPrincipalName} Network Address: {Loca,LocalAddress;LocalKeyModPort;LocalMMPrincipalName;MMAuthMethod;MMCipherAlg;MMIntegrityAlg;RemoteAddress;RemoteKeyModPort;RemoteMMPrincipalName
flow,content,Microsoft-Windows-Security-Auditing,4980,Security,log,W11+W2022,False,pending,priority,IPsec main mode and extended mode security associations were established.Main Mode Local Endpoint: Principal Name: {LocalMMPrincipalName} Network Address: {Loca,LocalAddress;LocalKeyModPort;LocalMMPrincipalName;MMAuthMethod;MMCipherAlg;MMIntegrityAlg;RemoteAddress;RemoteKeyModPort;RemoteMMPrincipalName
flow,content,Microsoft-Windows-Security-Auditing,4981,Security,log,W11+W2022,False,pending,priority,IPsec main mode and extended mode security associations were established.Local Endpoint: Principal Name: {LocalMMPrincipalName} Network Address: {LocalAddress} ,LocalAddress;LocalMMCertHash;LocalMMIssuingCA;LocalMMPrincipalName;LocalMMRootCA;RemoteMMCertHash;RemoteMMIssuingCA;RemoteMMPrincipalName;RemoteMMRootCA
flow,end,Microsoft-Windows-SMBServer,1027,Microsoft-Windows-SMBServer/Operational,log,W11+W2022,False,pending,priority,The file and printer sharing firewall ports are currently closed. This is the default configuration for a system that is not sharing content or is on a Public n,
flow,end,Microsoft-Windows-Security-Auditing,4655,Security,log,W11+W2022,False,pending,priority,An IPsec main mode security association ended.Local Network Address: {LocalAddress}Remote Network Address: {RemoteAddress}Keying Module Name: {,KeyModName;LocalAddress;MMSAID;RemoteAddress
flow,start,Microsoft-Windows-SMBServer,1902,Microsoft-Windows-SMBServer/Operational,log,W11+W2022,False,pending,priority,Received notification of a newly-started network interface with Luid {NetLuid} on address family {AddressFamily} (IPv4 == 2; IPv6 == 23),AddressFamily;NetLuid
module,load,Microsoft-Windows-Kernel-Process,5,Microsoft-Windows-Kernel-Process/Analytic,analytic,W11+W2022,False,pending,priority,Process {ProcessID} had an image loaded with name {ImageName}.,ImageName;ProcessID
process,access,Microsoft-Windows-Security-Auditing,4691,Security,log,W11+W2022,False,pending,priority,Indirect access to an object was requested.Subject: Security ID: {SubjectUserSid} Account Name: {SubjectUserName},AccessList;AccessMask;ObjectName;ObjectType;ProcessId;SubjectDomainName;SubjectLogonId;SubjectUserName;SubjectUserSid
process,access,Microsoft-Windows-Security-Auditing,4818,Security,log,W11+W2022,False,pending,priority,Proposed Central Access Policy does not grant the same access permissions as the current Central Access Policy.Subject: Sec,HandleId;ObjectName;ObjectServer;ObjectType;ProcessId;SubjectDomainName;SubjectLogonId;SubjectUserName;SubjectUserSid
process,access,Microsoft-Windows-Security-Auditing,4913,Security,log,W11+W2022,False,pending,priority,Central Access Policy on the object was changed.Subject: Security ID: {SubjectUserSid} Account Name: {SubjectUse,HandleId;ObjectName;ObjectServer;ObjectType;OldSd;SubjectDomainName;SubjectLogonId;SubjectUserName;SubjectUserSid
process,create,Microsoft-Windows-Bits-Client,3,Microsoft-Windows-Bits-Client/Operational,log,W11+W2022,False,pending,priority,The BITS service created a new job.Transfer job: {jobTitle}Job ID: {jobId}Owner: {jobOwner}Process Path: {processPath}Proces,jobId;jobOwner;jobTitle;processId;processPath
process,create,Microsoft-Windows-SMBServer,3012,Microsoft-Windows-SMBServer/Operational,log,W11,False,pending,priority,The SMB server service failed to create an endpoint with the following listener rule entry settings: Transport: {TransportName}Port: {Port},Port;SrvInstances;Status;TransportName;TransportType
process,execute,Microsoft-Windows-Kernel-Process,11,Microsoft-Windows-Kernel-Process/Analytic,analytic,W11+W2022,False,pending,priority,Execution of the process {FrozenProcessID} has been suspended.,FrozenProcessID
process,execute,Microsoft-Windows-Kernel-Process,12,Microsoft-Windows-Kernel-Process/Analytic,analytic,W11+W2022,False,pending,priority,Execution of the process {FrozenProcessID} has been resumed.,FrozenProcessID
process,modify,Microsoft-Windows-Security-Auditing,4616,Security,log,W11+W2022,False,pending,priority,The system time was changed.Subject: Security ID: {SubjectUserSid} Account Name: {SubjectUserName} Account Domain: {SubjectD,NewDate;NewTime;PreviousDate;PreviousTime;ProcessId;SubjectDomainName;SubjectLogonId;SubjectUserName;SubjectUserSid
process,modify,Microsoft-Windows-Security-Auditing,4670,Security,log,W11+W2022,False,pending,priority,Permissions on an object were changed.Subject: Security ID: {SubjectUserSid} Account Name: {SubjectUserName} Account Domain: {SubjectD,HandleId;ObjectName;ObjectServer;ObjectType;OldSd;SubjectDomainName;SubjectLogonId;SubjectUserName;SubjectUserSid
process,modify,Microsoft-Windows-Security-Auditing,4907,Security,log,W11+W2022,False,pending,priority,Auditing settings on object were changed.Subject: Security ID: {SubjectUserSid} Account Name: {SubjectUserName} Account Domain: {SubjectD,HandleId;ObjectName;ObjectServer;ObjectType;OldSd;SubjectDomainName;SubjectLogonId;SubjectUserName;SubjectUserSid
process,modify,Microsoft-Windows-Security-Auditing,4911,Security,log,W11+W2022,False,pending,priority,Resource attributes of the object were changed.Subject: Security ID: {SubjectUserSid} Account Name: {SubjectUserName} Account Domain: {SubjectD,HandleId;ObjectName;ObjectServer;ObjectType;OldSd;SubjectDomainName;SubjectLogonId;SubjectUserName;SubjectUserSid
registry,access,Microsoft-Windows-SMBServer,1023,Microsoft-Windows-SMBServer/Operational,log,W11+W2022,False,pending,priority,One or more shares present on this server have access based enumeration enabled.Guidance:You should expect this event when enabling access-based enumerat,
registry,access,Microsoft-Windows-SMBServer,1025,Microsoft-Windows-SMBServer/Operational,log,W11+W2022,False,pending,priority,One or more named pipes or shares have been marked for access by anonymous users. This increases the security risk of the computer by allowing unauthenticated u,
registry,key_edit,Microsoft-Windows-SMBServer,1906,Microsoft-Windows-SMBServer/Security,log,W11+W2022,False,pending,priority,Session key for connection is weaker than required. Connection will be closed as a result.Client: {ClientName}U,ClientName;RequiredSessionKeyLength;SessionKeyLength;UserName
registry,key_edit,Microsoft-Windows-Security-Auditing,4908,Security,log,W11+W2022,False,pending,priority,Special Groups Logon table modified.Special Groups: {SidList}This event is generated when the list of special groups is updated in the,SidList
registry,key_edit,Service Control Manager,3221232500,,etw,W2022,False,pending,priority,The {param1} Registry key denied access to SYSTEM account programs so the Service Control Manager took ownership of the Regis,param1
service,access,Microsoft-Windows-Security-Auditing,5071,Security,log,W11+W2022,False,pending,priority,Key access denied by Microsoft key distribution service.Subject: Security ID: {SubjectUserSid} Account Name:,SecurityDescriptor;SubjectDomainName;SubjectLogonId;SubjectUserName;SubjectUserSid
service,access,Microsoft-Windows-WinHttp,12509,,etw,W11+W2022,False,pending,priority,Proxy Auto-Discovery Service detected a non- local RPC request (Transport Type = {Transport type}); Access Denied. There may have been an rogue attempt to gain ,
service,access,Service Control Manager,3221232500,,etw,W2022,False,pending,priority,The {param1} Registry key denied access to SYSTEM account programs so the Service Control Manager took ownership of the Registry key.,param1
service,create,Microsoft-Windows-Bits-Client,3,Microsoft-Windows-Bits-Client/Operational,log,W11+W2022,False,pending,priority,The BITS service created a new job: {string}; with owner {string2},string;string2
service,create,Microsoft-Windows-SMBServer,3011,Microsoft-Windows-SMBServer/Operational,log,W11,False,pending,priority,The SMB server service created an endpoint with the following listener rule entry settings: Transport: {TransportName}Port: {Port},Port;SrvInstances;TransportName;TransportType
service,create,Microsoft-Windows-SMBServer,3012,Microsoft-Windows-SMBServer/Operational,log,W11,False,pending,priority,The SMB server service failed to create an endpoint with the following listener rule entry settings: Transport: {TransportName}Port: {Port},Port;SrvInstances;Status;TransportName;TransportType
service,modify,Microsoft-Windows-Bits-Client,16396,System,log,W11+W2022,False,pending,priority,Error {status} occurred when BITS tried to change the state of firewall rule '{rule}' to {enabled}. Restarting the BITS service may correct the prob,enabled;rule;status
service,start,Microsoft-Windows-Bits-Client,16392,System,log,W11+W2022,False,pending,priority,The BITS service failed to start. Error {ErrorCode}.,ErrorCode
service,start,Microsoft-Windows-DNS-Client,8001,System,log,W11+W2022,False,pending,priority,Unable to start DNS Client service. Could not start the Remote Procedure Call (RPC) interface for this service. To,
service,start,Microsoft-Windows-DNS-Client,8002,System,log,W11+W2022,False,pending,priority,Unable to start DNS Client service because the system failed to allocate memory and may be out of available memory.,
service,start,Microsoft-Windows-Security-Auditing,4709,Security,log,W11+W2022,False,pending,priority,The IPsec Policy Agent service was started.{param1}Policy Source: {param2}{param3},param1;param2;param3
service,start,Microsoft-Windows-Security-Auditing,5030,Security,log,W11+W2022,False,pending,priority,The Windows Firewall service failed to start.Error Code: {ErrorCode},ErrorCode
service,stop,Service Control Manager,2147490692,,etw,W2022,False,pending,priority,The following service is taking more than {param2} minutes to start and may have stopped responding: {param1}Contact your system administrator or service vendor,param1;param2
service,stop,Service Control Manager,2147490694,,etw,W2022,False,pending,priority,The following service has repeatedly stopped responding to service control requests: {param1}Contact the service vendor or the system administra,param1
socket,close,Microsoft-Windows-Security-Auditing,5452,Security,log,W11+W2022,False,pending,priority,An IPsec quick mode security association ended. Local Endpoint: Network Address: {LocalAddress} Port: {LocalPort} Tunnel Endpoint: {LocalTunnel,IpProtocol;LocalAddress;LocalPort;LocalTunnelEndpoint;QuickModeSaId;RemoteAddress;RemotePort;RemoteTunnelEndpoint
socket,listen,Microsoft-Windows-SMBServer,1910,Microsoft-Windows-SMBServer/Operational,log,W11,False,pending,priority,RDMA listen socket disable override is {CurrentDisableOverrideState}. New value is {NewState}. SrvNetIsRDMASupp,ActionTaken;CurrentDisableOverrideState;NewState;SrvNetIsRDMASupportEnabled
user_session,logout,Microsoft-Windows-SMBServer,554,Microsoft-Windows-SMBServer/Analytic,analytic,W11+W2022,False,pending,priority,SMB2 Session Terminated,
user_session,logout,Microsoft-Windows-Security-Auditing,4634,Security,log,W11+W2022,False,pending,priority,An account was logged off.Subject: Security ID: {TargetUserSid} Account Name: {TargetUserName} Account Domain: {TargetDoma,LogonType;TargetDomainName;TargetLogonId;TargetUserName;TargetUserSid
user_session,logout,Microsoft-Windows-Security-Auditing,4933,Security,log,W11+W2022,False,pending,priority,Synchronization of a replica of an Active Directory naming context has ended.Destination DRA: {DestinationDRA}Source DRA: {SourceDRA}Naming Context: {NamingCont,DestinationDRA;EndUSN;NamingContext;Options;SessionID;SourceDRA;StatusCode
user_session,logout,Microsoft-Windows-TerminalServices-LocalSessionManager,23,Microsoft-Windows-TerminalServices-LocalSessionManager/Operational,log,W11+W2022,False,pending,priority,Remote Desktop Services: Session logoff succeeded:User: {User}Session ID: {SessionID},SessionID;User
user_session,metadata,Microsoft-Windows-Kernel-Process,15,Microsoft-Windows-Kernel-Process/Analytic,analytic,W11+W2022,False,pending,priority,Enumerated process {ProcessID} had started at time {CreateTime} by parent {ParentProcessID} running in session,CreateTime;ImageName;ParentProcessID;ProcessID;SessionID
user_session,reconnect,Microsoft-Windows-TerminalServices-LocalSessionManager,60,Microsoft-Windows-TerminalServices-LocalSessionManager/Operational,log,W11+W2022,False,pending,priority,Glass session {SessionID} has been reconnected to a remote protocol; this session can now only be reconnect locally or from same remote protocol,SessionID
